[
  {
    "hotel_name": "Aztec Heights",
    "couple_count": 428
  },
  {
    "hotel_name": "Berlin Mitte Elite",
    "couple_count": 432
  },
  {
    "hotel_name": "Canal House Grand",
    "couple_count": 416
  },
  {
    "hotel_name": "Colosseum Gardens",
    "couple_count": 420
  },
  {
    "hotel_name": "Copacabana Lux",
    "couple_count": 424
  },
  {
    "hotel_name": "Gaudi's Retreat",
    "couple_count": 473
  },
  {
    "hotel_name": "Han River Oasis",
    "couple_count": 453
  },
  {
    "hotel_name": "Kremlin Suites",
    "couple_count": 410
  },
  {
    "hotel_name": "Kyo-to Grand",
    "couple_count": 434
  },
  {
    "hotel_name": "L'Étoile Palace",
    "couple_count": 450
  },
  {
    "hotel_name": "Marina Bay Zenith",
    "couple_count": 453
  },
  {
    "hotel_name": "Nile Grandeur",
    "couple_count": 449
  },
  {
    "hotel_name": "Sydney Harbour Grand",
    "couple_count": 423
  },
  {
    "hotel_name": "Table Mountain View",
    "couple_count": 441
  },
  {
    "hotel_name": "Tango Boutique",
    "couple_count": 425
  },
  {
    "hotel_name": "The Azure Tower",
    "couple_count": 441
  },
  {
    "hotel_name": "The Bosphorus Inn",
    "couple_count": 435
  },
  {
    "hotel_name": "The Bund Palace",
    "couple_count": 444
  },
  {
    "hotel_name": "The Gateway Royale",
    "couple_count": 454
  },
  {
    "hotel_name": "The Golden Oasis",
    "couple_count": 445
  },
  {
    "hotel_name": "The Kiwi Grand",
    "couple_count": 436
  },
  {
    "hotel_name": "The Maple Grove",
    "couple_count": 441
  },
  {
    "hotel_name": "The Orchid Palace",
    "couple_count": 445
  },
  {
    "hotel_name": "The Royal Compass",
    "couple_count": 428
  },
  {
    "hotel_name": "The Savannah House",
    "couple_count": 433
  }
]