[
  {
    "age_group": "18-24",
    "min_improvement_pct": 1.7,
    "max_improvement_pct": 4.8,
    "avg_improvement_pct": 3.51
  },
  {
    "age_group": "25-34",
    "min_improvement_pct": 2.07,
    "max_improvement_pct": 4.93,
    "avg_improvement_pct": 3.47
  },
  {
    "age_group": "35-44",
    "min_improvement_pct": 1.97,
    "max_improvement_pct": 4.7,
    "avg_improvement_pct": 3.52
  },
  {
    "age_group": "45-54",
    "min_improvement_pct": 1.97,
    "max_improvement_pct": 5.19,
    "avg_improvement_pct": 3.6
  },
  {
    "age_group": "55+",
    "min_improvement_pct": 1.19,
    "max_improvement_pct": 5.03,
    "avg_improvement_pct": 3.35
  }
]